place,post_label,person_name,party,image_url
as President of the USA,district_of_columbia-at-large,Donald Trump,Republican,
as Vice-President of the USA,district_of_columbia-at-large,JD Vance,Republican,
as senator for Arizona,senate-arizona,Ruben Gallego,Democrat,
as senator for California,senate-california,Adam Schiff,Democrat,
as senator for Connecticut,senate-connecticut,Chris Murphy,Democrat,
as senator for Delaware,senate-delaware,Lisa Blunt Rochester,Democrat,
as senator for Florida,senate-florida,Rick Scott,Republican,
as senator for Hawaii,senate-hawaii,Mazie Hirono,Democrat,
as senator for Indiana,senate-indiana,Jim Banks,Republican,
as senator for Maine,senate-maine,Angus King,Independent,
as senator for Maryland,senate-maryland,Angela Alsobrooks,Democrat,
as senator for Massachusetts,senate-massachusetts,Elizabeth Warren,Democrat,
as senator for Michigan,senate-michigan,Elissa Slotkin,Democrat,
as senator for Minnesota,senate-minnesota,Amy Klobuchar,Democrat,
as senator for Mississippi,senate-mississippi,Roger Wicker,Republican,
as senator for Missouri,senate-missouri,Josh Hawley,Republican,
as senator for Montana,senate-montana,Tim Sheehy,Republican,
as senator for Nebraska,senate-nebraska-1,Deb Fischer,Republican,
as senator for Nebraska,senate-nebraska-2,Pete Ricketts,Republican,
as senator for Nevada,senate-nevada,Jacky Rosen,Democrat,
as senator for New Jersey,senate-new_jersey,Andy Kim,Democrat,
as senator for New Mexico,senate-new_mexico,Martin Heinrich,Democrat,
as senator for New York,senate-new_york,Kirsten Gillibrand,Democrat,
as senator for North Dakota,senate-north_dakota,Kevin Cramer,Republican,
as senator for Ohio,senate-ohio,Bernie Moreno,Republican,
as senator for Pennsylvania,senate-pennsylvania,Dave McCormick,Democrat,
as senator for Rhode Island,senate-rhode_island,Sheldon Whitehouse,Democrat,
as senator for Tennessee,senate-tennessee,Marsha Blackburn,Republican,
as senator for Texas,senate-texas,Ted Cruz,Republican,
as senator for Utah,senate-utah,John Curtis,Republican,
as senator for Vermont,senate-vermont,Bernie Sanders,Independent,
as senator for Virginia,senate-virginia,Tim Kaine,Democrat,
as senator for Washington,senate-washington,Maria Cantwell,Democrat,
as senator for West Virginia,senate-west_virginia,Jim Justice,Republican,
as senator for Wisconsin,senate-wisconsin,Tammy Baldwin,Democrat,
as senator for Wyoming,senate-wyoming,John Barrasso,Republican,
House 1: Alabama,alabama-1,Barry Moore,Republican,
House 2: Alabama,alabama-2,Shomari Figures,Democrat,
House 3: Alabama,alabama-3,Mike Rogers,Republican,
House 4: Alabama,alabama-4,Robert Aderholt,Republican,
House 5: Alabama,alabama-5,Dale Strong,Republican,
House 6: Alabama,alabama-6,Gary Palmer,Republican,
House 7: Alabama,alabama-7,Terri Sewell,Democrat,
House At Large: Alaska,alaska-at-large,Nick Begich,Republican,
House 1: Arizona,arizona-1,David Schweikert,Republican,
House 2: Arizona,arizona-2,Eli Crane,Republican,
House 3: Arizona,arizona-3,Yassamin Ansari,Democrat,
House 4: Arizona,arizona-4,Greg Stanton,Democrat,
House 5: Arizona,arizona-5,Andy Biggs,Republican,
House 6: Arizona,arizona-6,Juan Ciscomani,Republican,
House 7: Arizona,arizona-7,Raúl Grijalva,Democrat,
House 8: Arizona,arizona-8,Abe Hamadeh,Republican,
House 9: Arizona,arizona-9,Paul Gosar,Republican,
House 1: Arkansas,arkansas-1,Rick Crawford,Republican,
House 2: Arkansas,arkansas-2,French Hill,Republican,
House 3: Arkansas,arkansas-3,Steve Womack,Republican,
House 4: Arkansas,arkansas-4,Bruce Westerman,Republican,
House 1: California,california-1,Doug LaMalfa,Republican,
House 2: California,california-2,Jared Huffman,Democrat,
House 3: California,california-3,Kevin Kiley,Republican,
House 4: California,california-4,Mike Thompson,Democrat,
House 5: California,california-5,Tom McClintock,Republican,
House 6: California,california-6,Ami Bera,Democrat,
House 7: California,california-7,Doris Matsui,Democrat,
House 8: California,california-8,John Garamendi,Democrat,
House 9: California,california-9,Josh Harder,Democrat,
House 10: California,california-10,Mark DeSaulnier,Democrat,
House 11: California,california-11,Nancy Pelosi,Democrat,
House 12: California,california-12,Lateefah Simon,Democrat,
House 13: California,california-13,Adam Gray,Democrat,
House 14: California,california-14,Eric Swalwell,Democrat,
House 15: California,california-15,Kevin Mullin,Democrat,
House 16: California,california-16,Sam Liccardo,Democrat,
House 17: California,california-17,Ro Khanna,Democrat,
House 18: California,california-18,Zoe Lofgren,Democrat,
House 19: California,california-19,Jimmy Panetta,Democrat,
House 20: California,california-20,Vince Fong,Republican,
House 21: California,california-21,Jim Costa,Democrat,
House 22: California,california-22,David Valadao,Republican,
House 23: California,california-23,Jay Obernolte,Republican,
House 24: California,california-24,Salud Carbajal,Democrat,
House 25: California,california-25,Raul Ruiz,Democrat,
House 26: California,california-26,Julia Brownley,Democrat,
House 27: California,california-27,George Whitesides,Democrat,
House 28: California,california-28,Judy Chu,Democrat,
House 29: California,california-29,Luz Rivas,Democrat,
House 30: California,california-30,Laura Friedman,Democrat,
House 31: California,california-31,Gil Cisneros,Democrat,
House 32: California,california-32,Brad Sherman,Democrat,
House 33: California,california-33,Pete Aguilar,Democrat,
House 34: California,california-34,Jimmy Gomez,Democrat,
House 35: California,california-35,Norma Torres,Democrat,
House 36: California,california-36,Ted Lieu,Democrat,
House 37: California,california-37,Sydney Kamiager-Dove,Democrat,
House 38: California,california-38,Linda Sanchez,Democrat,
House 39: California,california-39,Mark Takano,Democrat,
House 40: California,california-40,Young Kim,Republican,
House 41: California,california-41,Ken Calvert,Republican,
House 42: California,california-42,Robert Garcia,Democrat,
House 43: California,california-43,Maxine Waters,Democrat,
House 44: California,california-44,Nanette Barragan,Democrat,
House 45: California,california-45,Derek Tran ,Democrat,
House 46: California,california-46,Lou Correa,Democrat,
House 47: California,california-47,Dave Min,Democrat,
House 48: California,california-48,Darrell Issa,Republican,
House 49: California,california-49,Mike Levin,Democrat,
House 50: California,california-50,Scott Peters,Democrat,
House 51: California,california-51,Sara Jacobs,Democrat,
House 52: California,california-52,Juan Vargas,Democrat,
House 1: Colorado,colorado-1,Diana DeGette,Democrat,
House 2: Colorado,colorado-2,Joe Neguse,Democrat,
House 3: Colorado,colorado-3,Jeff Hurd,Republican,
House 4: Colorado,colorado-4,Lauren Boebert,Republican,
House 5: Colorado,colorado-5,Jeff Crank,Republican,
House 6: Colorado,colorado-6,Jason Crow,Democrat,
House 7: Colorado,colorado-7,Brittany Pettersen,Democrat,
House 8: Colorado,colorado-8,Gabe Evans,Republican,
House 1: Connecticut,connecticut-1,John Larson,Democrat,
House 2: Connecticut,connecticut-2,Joe Courtney,Democrat,
House 3: Connecticut,connecticut-3,Rosa DeLauro,Democrat,
House 4: Connecticut,connecticut-4,Jim Himes,Democrat,
House 5: Connecticut,connecticut-5,Jahana Hayes,Democrat,
House At Large: Delaware,delaware-at-large,Sarah McBride,Democrat,
House 1: Florida,florida-1,Matt Gaetz,Republican,
House 2: Florida,florida-2,Neal Dunn,Republican,
House 3: Florida,florida-3,Kat Cammack,Republican,
House 4: Florida,florida-4,Aaron Bean,Republican,
House 5: Florida,florida-5,John Rutherford,Republican,
House 6: Florida,florida-6,Michael Waltz,Republican,
House 7: Florida,florida-7,Cory Mills,Republican,
House 8: Florida,florida-8,Mike Haridopolos,Republican,
House 9: Florida,florida-9,Darren Soto,Democrat,
House 10: Florida,florida-10,Maxwell Frost,Democrat,
House 11: Florida,florida-11,Daniel Webster,Republican,
House 12: Florida,florida-12,Gus Billrakis,Republican,
House 13: Florida,florida-13,Anna Paulina Luna,Republican,
House 14: Florida,florida-14,Kathy Castor,Democrat,
House 15: Florida,florida-15,Laurel Lee,Republican,
House 16: Florida,florida-16,Vern Buchanan,Republican,
House 17: Florida,florida-17,Greg Steube,Republican,
House 18: Florida,florida-18,Scott Franklin,Republican,
House 19: Florida,florida-19,Byron Donalds,Republican,
House 20: Florida,florida-20,Sheila Cherfilus-McCormick,Democrat,
House 21: Florida,florida-21,Brian Mast,Republican,
House 22: Florida,florida-22,Lois Frankel,Democrat,
House 23: Florida,florida-23,Jared Moskowitz,Democrat,
House 24: Florida,florida-24,Frederica Wilson,Democrat,
House 25: Florida,florida-25,Debbie Wasserman Schultz,Democrat,
House 26: Florida,florida-26,Mario Diaz-Balart,Republican,
House 27: Florida,florida-27,Maria Elvira Salazar,Republican,
House 28: Florida,florida-28,Carlos Giménez,Republican,
House 1: Georgia,georgia-1,Buddy Carter,Republican,
House 2: Georgia,georgia-2,Sanford Bishop,Democrat,
House 3: Georgia,georgia-3,Brian Jack,Republican,
House 4: Georgia,georgia-4,Hank Johnson,Democrat,
House 5: Georgia,georgia-5,Nikema Williams,Democrat,
House 6: Georgia,georgia-6,Lucy McBath,Democrat,
House 7: Georgia,georgia-7,Rich McCormick,Republican,
House 8: Georgia,georgia-8,Austin Scott,Republican,
House 9: Georgia,georgia-9,Andrew Clyde,Republican,
House 10: Georgia,georgia-10,Mike Collins,Republican,
House 11: Georgia,georgia-11,Barry Loudermilk,Republican,
House 12: Georgia,georgia-12,Rick Allen,Republican,
House 13: Georgia,georgia-13,David Scott,Democrat,
House 14: Georgia,georgia-14,Marjorie Taylor Greene,Republican,
House 1: Hawaii,hawaii-1,Ed Case,Democrat,
House 2: Hawaii,hawaii-2,Jill Tokuda,Democrat,
House 1: Idaho,idaho-1,Russ Fulcher,Republican,
House 2: Idaho,idaho-2,Mike Simpson,Republican,
House 1: Illinois,illinois-1,Jonathan Jackson,Democrat,
House 2: Illinois,illinois-2,Robin Kelly,Democrat,
House 3: Illinois,illinois-3,Delia Ramirez,Democrat,
House 4: Illinois,illinois-4,"Jesús ""Chuy"" García",Democrat,
House 5: Illinois,illinois-5,Mike Quigley,Democrat,
House 6: Illinois,illinois-6,Sean Casten,Democrat,
House 7: Illinois,illinois-7,Danny Davis,Democrat,
House 8: Illinois,illinois-8,Raja Krishnamoorthi,Democrat,
House 9: Illinois,illinois-9,Janice Schakowsky,Democrat,
House 10: Illinois,illinois-10,Brad Schneider,Democrat,
House 11: Illinois,illinois-11,Bill Foster,Democrat,
House 12: Illinois,illinois-12,Mike Bost,Republican,
House 13: Illinois,illinois-13,Nikki Budzinski,Democrat,
House 14: Illinois,illinois-14,Lauren Underwood,Democrat,
House 15: Illinois,illinois-15,Mary Miller,Republican,
House 16: Illinois,illinois-16,Darin LaHood,Republican,
House 17: Illinois,illinois-17,Eric Sorensen,Democrat,
House 1: Indiana,indiana-1,Frank Mrvan,Democrat,
House 2: Indiana,indiana-2,Rudy Yakym,Republican,
House 3: Indiana,indiana-3,Marlin Stutzman,Republican,
House 4: Indiana,indiana-4,Jim Baird,Republican,
House 5: Indiana,indiana-5,Victoria Spartz,Republican,
House 6: Indiana,indiana-6,Jefferson Shreve,Republican,
House 7: Indiana,indiana-7,André Carson,Democrat,
House 8: Indiana,indiana-8,Mark Messmer,Republican,
House 9: Indiana,indiana-9,Erin Houchin,Republican,
House 1: Iowa,iowa-1,Mariannette Miller-Meeks,Republican,
House 2: Iowa,iowa-2,Ashley Hinson,Republican,
House 3: Iowa,iowa-3,Zach Nunn,Republican,
House 4: Iowa,iowa-4,Randy Feenstra,Republican,
House 1: Kansas,kansas-1,Tracey Mann,Republican,
House 2: Kansas,kansas-2,Derek Schmidt,Republican,
House 3: Kansas,kansas-3,Sharice Davids,Democrat,
House 4: Kansas,kansas-4,Ron Estes,Republican,
House 1: Kentucky,kentucky-1,James Comer,Republican,
House 2: Kentucky,kentucky-2,Brett Guthrie,Republican,
House 3: Kentucky,kentucky-3,Morgan McGarvey,Democrat,
House 4: Kentucky,kentucky-4,Thomas Massie,Republican,
House 5: Kentucky,kentucky-5,Hal Rogers,Republican,
House 6: Kentucky,kentucky-6,Andy Barr,Republican,
House 1: Louisiana,louisiana-1,Steve Scalise,Republican,
House 2: Louisiana,louisiana-2,Troy Carter,Democrat,
House 3: Louisiana,louisiana-3,Clay Higgins,Republican,
House 4: Louisiana,louisiana-4,Mike Johnson,Republican,
House 5: Louisiana,louisiana-5,Julia Letlow,Republican,
House 6: Louisiana,louisiana-6,Cleo FIelds,Democrat,
House 1: Maine,maine-1,Chellie Pingree,Democrat,
House 2: Maine,maine-2,Jared Golden,Democrat,
House 1: Maryland,maryland-1,Andy Harris,Republican,
House 2: Maryland,maryland-2,Johnny Olszewski,Democrat,
House 3: Maryland,maryland-3,Sarah Elfreth,Democrat,
House 4: Maryland,maryland-4,Glenn Ivey,Democrat,
House 5: Maryland,maryland-5,Steny Hoyer,Democrat,
House 6: Maryland,maryland-6,April McClain Delaney,Democrat,
House 7: Maryland,maryland-7,Kweisi Mfume,Democrat,
House 8: Maryland,maryland-8,Jamie Raskin,Democrat,
House 1: Massachusetts,massachusetts-1,Richard Neal,Democrat,
House 2: Massachusetts,massachusetts-2,Jim McGovern,Democrat,
House 3: Massachusetts,massachusetts-3,Lori Trahan,Democrat,
House 4: Massachusetts,massachusetts-4,Jake Auchincloss,Democrat,
House 5: Massachusetts,massachusetts-5,Katherine Clarke,Democrat,
House 6: Massachusetts,massachusetts-6,Seth Moulton,Democrat,
House 7: Massachusetts,massachusetts-7,Ayanna Pressley,Democrat,
House 8: Massachusetts,massachusetts-8,Stephen Lynch,Democrat,
House 9: Massachusetts,massachusetts-9,Bill Keating,Democrat,
House 1: Michigan,michigan-1,Jack Bergman,Republican,
House 2: Michigan,michigan-2,John Moolenaar,Republican,
House 3: Michigan,michigan-3,Hillary Scholten,Democrat,
House 4: Michigan,michigan-4,Bill Huizenga,Republican,
House 5: Michigan,michigan-5,Tim Walberg,Republican,
House 6: Michigan,michigan-6,Debbie Dingell,Democrat,
House 7: Michigan,michigan-7,Tom Barrett,Republican,
House 8: Michigan,michigan-8,Kristen McDonald Rivet,Democrat,
House 9: Michigan,michigan-9,Lisa McClain,Republican,
House 10: Michigan,michigan-10,John James,Republican,
House 11: Michigan,michigan-11,Haley Stevens,Democrat,
House 12: Michigan,michigan-12,Rashida Tlaib,Democrat,
House 13: Michigan,michigan-13,Shri Thanedar,Democrat,
House 1: Minnesota,minnesota-1,Brad Finstad,Republican,
House 2: Minnesota,minnesota-2,Angie Craig,Democrat,
House 3: Minnesota,minnesota-3,Kelly Morrison,Democrat,
House 4: Minnesota,minnesota-4,Betty McCollum,Democrat,
House 5: Minnesota,minnesota-5,Ilhan Omar,Democrat,
House 6: Minnesota,minnesota-6,Tom Emmer,Republican,
House 7: Minnesota,minnesota-7,Michelle Fischbach,Republican,
House 8: Minnesota,minnesota-8,Pete Stauber,Republican,
House 1: Mississippi,mississippi-1,Trent Kelly,Republican,
House 2: Mississippi,mississippi-2,Bennie Thompson,Democrat,
House 3: Mississippi,mississippi-3,Michel Guest,Republican,
House 4: Mississippi,mississippi-4,Mike Ezell,Republican,
House 1: Missouri,missouri-1,Wesley Bell,Democrat,
House 2: Missouri,missouri-2,Ann Wagner,Republican,
House 3: Missouri,missouri-3,Bob Onder,Republican,
House 4: Missouri,missouri-4,Mark Alford,Republican,
House 5: Missouri,missouri-5,Emanuel Cleaver,Democrat,
House 6: Missouri,missouri-6,Sam Graves,Republican,
House 7: Missouri,missouri-7,Eric Burlison,Republican,
House 8: Missouri,missouri-8,Jason Smith,Republican,
House 1: Montana,montana-1,Ryan Zinke,Republican,
House 2: Montana,montana-2,Troy Downing,Republican,
House 1: Nebraska,nebraska-1,Mike Flood,Republican,
House 2: Nebraska,nebraska-2,Don Bacon,Republican,
House 3: Nebraska,nebraska-3,Adrian Smith,Republican,
House 1: Nevada,nevada-1,Dina Titus,Democrat,
House 2: Nevada,nevada-2,Mark Amodei,Republican,
House 3: Nevada,nevada-3,Susie Lee,Democrat,
House 4: Nevada,nevada-4,Steven Horsford,Democrat,
House 1: New Hampshire,new_hampshire-1,Chris Pappas,Democrat,
House 2: New Hampshire,new_hampshire-2,Maggie Goodlander,Democrat,
House 1: New Jersey,new_jersey-1,Donald Norcross,Democrat,
House 2: New Jersey,new_jersey-2,Jeff Van Drew,Republican,
House 3: New Jersey,new_jersey-3,Herb Conaway,Democrat,
House 4: New Jersey,new_jersey-4,Chris Smith,Republican,
House 5: New Jersey,new_jersey-5,Josh Gottheimer,Democrat,
House 6: New Jersey,new_jersey-6,Frank Pallone,Democrat,
House 7: New Jersey,new_jersey-7,Thomas Kean Jr.,Republican,
House 8: New Jersey,new_jersey-8,Rob Menendez,Democrat,
House 9: New Jersey,new_jersey-9,Nellie Pou,Democrat,
House 10: New Jersey,new_jersey-10,LaMonica McIver,Democrat,
House 11: New Jersey,new_jersey-11,Mikie Sherrill,Democrat,
House 12: New Jersey,new_jersey-12,Bonnie Watson Coleman,Democrat,
House 1: New Mexico,new_mexico-1,Melanie Stansbury,Democrat,
House 2: New Mexico,new_mexico-2,Gabriel Vasquez,Democrat,
House 3: New Mexico,new_mexico-3,Teresa Leger Fernandez,Democrat,
House 1: New York,new_york-1,Nicholas LaLota,Republican,
House 2: New York,new_york-2,Andrew Garbarino,Republican,
House 3: New York,new_york-3,Thomas Suozzi,Democrat,
House 4: New York,new_york-4,Laura Gillen,Democrat,
House 5: New York,new_york-5,Gregory Meeks,Democrat,
House 6: New York,new_york-6,Grace Meng,Democrat,
House 7: New York,new_york-7,Nydia Velazquez,Democrat,
House 8: New York,new_york-8,Hakeem Jeffries,Democrat,
House 9: New York,new_york-9,Yvette Clarke,Democrat,
House 10: New York,new_york-10,Don Goldman,Democrat,
House 11: New York,new_york-11,Nicole Malliotakis,Republican,
House 12: New York,new_york-12,Jerrold Nadler,Democrat,
House 13: New York,new_york-13,Adriano Espaillat,Democrat,
House 14: New York,new_york-14,Alexandria Ocasio-Cortez,Democrat,
House 15: New York,new_york-15,Ritchie Torres,Democrat,
House 16: New York,new_york-16,George Latimer,Democrat,
House 17: New York,new_york-17,Mike Lawler,Republican,
House 18: New York,new_york-18,Pat Ryan,Democrat,
House 19: New York,new_york-19,Josh Riley,Democrat,
House 20: New York,new_york-20,Paul Tonko,Democrat,
House 21: New York,new_york-21,Elise Stefanik,Republican,
House 22: New York,new_york-22,John Mannion,Democrat,
House 23: New York,new_york-23,Nick Langworthy,Republican,
House 24: New York,new_york-24,Claudia Tenney,Republican,
House 25: New York,new_york-25,Joseph Morelle,Democrat,
House 26: New York,new_york-26,Timothy Kennedy,Democrat,
House 1: North Carolina,north_carolina-1,Don Davis,Democrat,
House 2: North Carolina,north_carolina-2,Deborah Ross,Democrat,
House 3: North Carolina,north_carolina-3,Greg Murphy,Republican,
House 4: North Carolina,north_carolina-4,Valerie Foushee,Democrat,
House 5: North Carolina,north_carolina-5,Virginia Foxx,Republican,
House 6: North Carolina,north_carolina-6,Addison McDowell,Republican,
House 7: North Carolina,north_carolina-7,David Rouzer,Republican,
House 8: North Carolina,north_carolina-8,Mark Harris,Republican,
House 9: North Carolina,north_carolina-9,Richard Hudson,Republican,
House 10: North Carolina,north_carolina-10,Pat Harrigan,Republican,
House 11: North Carolina,north_carolina-11,Chuck Edwards,Republican,
House 12: North Carolina,north_carolina-12,Alma Adams,Democrat,
House 13: North Carolina,north_carolina-13,Brad Knott,Republican,
House 14: North Carolina,north_carolina-14,Tim Moore,Republican,
House At Large: North Dakota,north_dakota-at-large,Julie Fedorchak,Republican,
House 1: Ohio,ohio-1,Greg Landsman,Democrat,
House 2: Ohio,ohio-2,David Taylor,Republican,
House 3: Ohio,ohio-3,Joyce Beatty,Democrat,
House 4: Ohio,ohio-4,Jim Jordan,Republican,
House 5: Ohio,ohio-5,Bob Latta,Republican,
House 6: Ohio,ohio-6,Michael Rulli,Republican,
House 7: Ohio,ohio-7,Max Miller,Republican,
House 8: Ohio,ohio-8,Warren Davidson,Republican,
House 9: Ohio,ohio-9,Marcy Kaptur,Democrat,
House 10: Ohio,ohio-10,Mike Turner,Republican,
House 11: Ohio,ohio-11,Shontel Brown,Democrat,
House 12: Ohio,ohio-12,Troy Balderson,Republican,
House 13: Ohio,ohio-13,Emilia Sykes,Democrat,
House 14: Ohio,ohio-14,David Joyce,Republican,
House 15: Ohio,ohio-15,Mike Carey,Republican,
House 1: Oklahoma,oklahoma-1,Kevin Hern,Republican,
House 2: Oklahoma,oklahoma-2,Josh Brecheen,Republican,
House 3: Oklahoma,oklahoma-3,Frank Lucas,Republican,
House 4: Oklahoma,oklahoma-4,Tom Cole,Republican,
House 5: Oklahoma,oklahoma-5,Stephanie Bice,Republican,
House 1: Oregon,oregon-1,Suzanne Bonamici,Democrat,
House 2: Oregon,oregon-2,Cliff Bentz,Republican,
House 3: Oregon,oregon-3,Maxine Dexter,Democrat,
House 4: Oregon,oregon-4,Val Hoyle,Democrat,
House 5: Oregon,oregon-5,Janelle Bynum,Democrat,
House 6: Oregon,oregon-6,Andrea Salinas,Democrat,
House 1: Pennsylvania,pennsylvania-1,Brian Fitzpatrick,Republican,
House 2: Pennsylvania,pennsylvania-2,Brendan Boyle,Democrat,
House 3: Pennsylvania,pennsylvania-3,Dwight Evans,Democrat,
House 4: Pennsylvania,pennsylvania-4,Madeleine Dean,Democrat,
House 5: Pennsylvania,pennsylvania-5,Mary Gay Scanlon,Democrat,
House 6: Pennsylvania,pennsylvania-6,Chrissy Houlahan,Democrat,
House 7: Pennsylvania,pennsylvania-7,Ryan Mackenzie,Republican,
House 8: Pennsylvania,pennsylvania-8,Rob Bresnahan,Republican,
House 9: Pennsylvania,pennsylvania-9,Dan Meuser,Republican,
House 10: Pennsylvania,pennsylvania-10,Scott Perry,Republican,
House 11: Pennsylvania,pennsylvania-11,Lloyd Smucker,Republican,
House 12: Pennsylvania,pennsylvania-12,Summer Lee,Democrat,
House 13: Pennsylvania,pennsylvania-13,John Joyce,Republican,
House 14: Pennsylvania,pennsylvania-14,Guy Reschenthaler,Republican,
House 15: Pennsylvania,pennsylvania-15,Glenn Thompson,Republican,
House 16: Pennsylvania,pennsylvania-16,Mika Kelly,Republican,
House 17: Pennsylvania,pennsylvania-17,Chris Deluzzio,Democrat,
House 1: Rhode Island,rhode_island-1,Gabriel Amo,Democrat,
House 2: Rhode Island,rhode_island-2,Seth Magaziner,Democrat,
House 1: South Carolina,south_carolina-1,Nancy Mace,Republican,
House 2: South Carolina,south_carolina-2,Joe Wilson,Republican,
House 3: South Carolina,south_carolina-3,Sheri Biggs,Republican,
House 4: South Carolina,south_carolina-4,William Timmons,Republican,
House 5: South Carolina,south_carolina-5,Ralpha Norman,Republican,
House 6: South Carolina,south_carolina-6,Jim Clyburn,Democrat,
House 7: South Carolina,south_carolina-7,Russell Fry,Republican,
House At Large: South Dakota,south_dakota-at-large,Dusty Johnson,Republican,
House 1: Tennessee,tennessee-1,Diana Harshbarger,Republican,
House 2: Tennessee,tennessee-2,Tim Burchett,Republican,
House 3: Tennessee,tennessee-3,Chuck Fleischmann,Republican,
House 4: Tennessee,tennessee-4,Scott DesJarlais,Republican,
House 5: Tennessee,tennessee-5,Andy Ogles,Republican,
House 6: Tennessee,tennessee-6,John Rose,Republican,
House 7: Tennessee,tennessee-7,Mark Green,Republican,
House 8: Tennessee,tennessee-8,David Kustoff,Republican,
House 9: Tennessee,tennessee-9,Steve Cohen,Democrat,
House 1: Texas,texas-1,Nathaniel Moran,Republican,
House 2: Texas,texas-2,Dan Crenshaw,Republican,
House 3: Texas,texas-3,Keith Self,Republican,
House 4: Texas,texas-4,Pat Fallon,Republican,
House 5: Texas,texas-5,Lance Gooden,Republican,
House 6: Texas,texas-6,Jake Ellzey,Republican,
House 7: Texas,texas-7,Lizzie Fletcher,Democrat,
House 8: Texas,texas-8,Morgan Luttrell,Republican,
House 9: Texas,texas-9,Al Green,Democrat,
House 10: Texas,texas-10,Michael McCaul,Republican,
House 11: Texas,texas-11,August Pfluger,Republican,
House 12: Texas,texas-12,Craig Goldman,Republican,
House 13: Texas,texas-13,Ronny Jackson,Republican,
House 14: Texas,texas-14,Randy Weber,Republican,
House 15: Texas,texas-15,Monica De La Cruz,Republican,
House 16: Texas,texas-16,Veronica Escobar,Democrat,
House 17: Texas,texas-17,Pete Sessions,Republican,
House 18: Texas,texas-18,Erica Lee Carter,Democrat,
House 18: Texas,texas-18,Sylvester Turner,Democrat,
House 19: Texas,texas-19,Jodey Arrington,Republican,
House 20: Texas,texas-20,Joaquin Castro,Democrat,
House 21: Texas,texas-21,Chip Roy,Republican,
House 22: Texas,texas-22,Troy Nehls,Republican,
House 23: Texas,texas-23,Tony Gonzales,Republican,
House 24: Texas,texas-24,Beth Van Duyne,Republican,
House 25: Texas,texas-25,Roger Williams,Republican,
House 26: Texas,texas-26,Brandon Gill,Republican,
House 27: Texas,texas-27,Michael Cloud,Republican,
House 28: Texas,texas-28,Henry Cuellar,Democrat,
House 29: Texas,texas-29,Sylvia Garcia,Democrat,
House 30: Texas,texas-30,Jasmine Crockett,Democrat,
House 31: Texas,texas-31,John Carter,Republican,
House 32: Texas,texas-32,Julie Johnson,Democrat,
House 33: Texas,texas-33,Marc Veasey,Democrat,
House 34: Texas,texas-34,Vicente Gonzalez,Democrat,
House 35: Texas,texas-35,Greg Casar,Democrat,
House 36: Texas,texas-36,Brian Babin,Republican,
House 37: Texas,texas-37,Lloyd Doggett,Democrat,
House 38: Texas,texas-38,Wesley Hunt,Republican,
House 1: Utah,utah-1,Blake Moore,Republican,
House 2: Utah,utah-2,Celeste Maloy,Republican,
House 3: Utah,utah-3,Mike Kennedy,Republican,
House 4: Utah,utah-4,Burgess Owens,Republican,
House At Large: Vermont,vermont-at-large,Becca Balint,Republican,
House 1: Virginia,virginia-1,Rob Wittman,Republican,
House 2: Virginia,virginia-2,Jen Kiggans,Republican,
House 3: Virginia,virginia-3,Bobby Scott,Democrat,
House 4: Virginia,virginia-4,Jennifer McClellan,Democrat,
House 5: Virginia,virginia-5,John McGuire,Republican,
House 6: Virginia,virginia-6,Ben Cline,Republican,
House 7: Virginia,virginia-7,Eugene Vindman,Democrat,
House 8: Virginia,virginia-8,Donald Beyer,Democrat,
House 9: Virginia,virginia-9,Morgan Griffith,Republican,
House 10: Virginia,virginia-10,Suhas Subramanyam,Democrat,
House 11: Virginia,virginia-11,Gerry Connolly,Democrat,
House 1: Washington,washington-1,Suzan DelBene,Democrat,
House 2: Washington,washington-2,Rick Larsen,Democrat,
House 3: Washington,washington-3,Marie Gluesenkamp Perez,Democrat,
House 4: Washington,washington-4,Dan Newhouse,Republican,
House 5: Washington,washington-5,Michael Baumgartner,Republican,
House 6: Washington,washington-6,Emily Randall,Democrat,
House 7: Washington,washington-7,Pramila Jayapal,Democrat,
House 8: Washington,washington-8,Kim Schrier,Democrat,
House 9: Washington,washington-9,Adam Smith,Democrat,
House 10: Washington,washington-10,Marilyn Strickland,Democrat,
House 1: West Virginia,west_virginia-1,Carol Miller,Republican,
House 2: West Virginia,west_virginia-2,Riley Moore,Republican,
House 1: Wisconsin,wisconsin-1,Bryan Stell,Republican,
House 2: Wisconsin,wisconsin-2,Mark Pocan,Democrat,
House 3: Wisconsin,wisconsin-3,Derrick Van Orden,Republican,
House 4: Wisconsin,wisconsin-4,Gwen Moore,Democrat,
House 5: Wisconsin,wisconsin-5,Scott Fitzgerald,Republican,
House 6: Wisconsin,wisconsin-6,Glenn Grothman,Republican,
House 7: Wisconsin,wisconsin-7,Tom Tiffany,Republican,
House 8: Wisconsin,wisconsin-8,Tony Wied,Republican,
House 8: Wisconsin,wisconsin-8,Tony Wied,Republican,
House At Large: Wyoming,wyoming-at-large,Harriet Hageman,Republican,
House At Large: American Samoa,american_samoa-at-large,Amata Coleman Radewagen,Republican,
House At Large: District of Columbia,district_of_columbia-at-large,Eleanor Holmes Norton,Democrat,
House At Large: Guam,guam-at-large,James Moylan,Republican,
House At Large: Northern Mariana Islands,northern_mariana_islands-at-large,Kimberlyn King-Hinds,Republican,
House At Large: Puerto Rico,puerto_rico-at-large,Pablo Jose Hernandez Rivera,Popular Democratic Party,
House At Large: US Virgin Islands,u_s_virgin_islands-at-large,Stacey Plaskett,Democrat,
as Governor of Delaware,governor_of_delaware,Matt Meyer,Democrat,
as Governor of Indiana,governor_of_indiana,Mike Braun,Republican,
as Governor of Missouri,governor_of_missouri,Mike Kehoe,Republican,
as Governor of Montana,governor_of_montana,Greg Gianforte,Republican,
as Governor of New Hampshire,governor_of_new_hampshire,Kelly Ayotte,Republican,
as Governor of North Carolina,governor_of_north_carolina,Josh Stein,Democrat,
as Governor of North Dakota,governor_of_north_dakota,Kelly Armstrong,Republican,
as Governor of Utah,governor_of_utah,Spencer Cox,Republican,
as Governor of Vermont,governor_of_vermont,Phil Scott,Republican,
as Governor of Washington,governor_of_washington,Bob Ferguson,Democrat,
as Governor of West Virginia,governor_of_west_virginia,Patrick Morrisey,Republican,
as Governor of American Samoa,governor_of_american_samoa,,Republican,
as Governor of Puerto Rico,governor_of_puerto_rico,Jenniffer González-Colón,New Progressive Party,